USER,PASS
testuser1,test123
testuser2,test123
testuser3,test123
testuser4,test123
testuser5,test123
testuser6,test123
testuser7,test123
testuser8,test123
testuser9,test123
testuser10,test123
testuser11,test123
testuser12,test123
testuser13,test123
testuser14,test123
testuser15,test123
testuser16,test123
testuser17,test123
testuser18,test123
testuser19,test123
testuser20,test123
testuser21,test123
testuser22,test123
testuser23,test123
testuser24,test123
testuser25,test123
testuser26,test123
testuser27,test123
testuser28,test123
testuser29,test123
testuser30,test123
testuser31,test123
testuser32,test123
testuser33,test123
testuser34,test123
testuser35,test123
testuser36,test123
testuser37,test123
testuser38,test123
testuser39,test123
testuser40,test123
testuser41,test123
testuser42,test123
testuser43,test123
testuser44,test123
testuser45,test123
testuser46,test123
testuser47,test123
testuser48,test123
testuser49,test123
testuser50,test123
testuser51,test123
testuser52,test123
testuser53,test123
testuser54,test123
testuser55,test123
testuser56,test123
testuser57,test123
testuser58,test123
testuser59,test123
testuser60,test123
testuser61,test123
testuser62,test123
testuser63,test123
testuser64,test123
testuser65,test123
testuser66,test123
testuser67,test123
testuser68,test123
testuser69,test123
testuser70,test123
testuser71,test123
testuser72,test123
testuser73,test123
testuser74,test123
testuser75,test123
testuser76,test123
testuser77,test123
testuser78,test123
testuser79,test123
testuser80,test123
testuser81,test123
testuser82,test123
testuser83,test123
testuser84,test123
testuser85,test123
testuser86,test123
testuser87,test123
testuser88,test123
testuser89,test123
testuser90,test123
testuser91,test123
testuser92,test123
testuser93,test123
testuser94,test123
testuser95,test123
testuser96,test123
testuser97,test123
testuser98,test123
testuser99,test123
testuser100,test123
